{
  "noise_type": "text",
  "noise_param": 0.5,
  "train_loss": [
    0.14199874233566448,
    0.12120716100584768,
    0.11334987070583151,
    0.11217449683852808,
    0.1082554372598628,
    0.10642346471757115,
    0.10632297606440727,
    0.10483508203962523,
    0.10377358449604325,
    0.10433365037302694,
    0.10234361798138561,
    0.10253319474597851,
    0.10295855649606976,
    0.10288218128119776,
    0.10077756680622846,
    0.1034545380629614,
    0.10053700933565118,
    0.1008030582361207,
    0.09912791221452978,
    0.0991821741397849,
    0.10032850894367766,
    0.09853199275139578,
    0.10031258187187697,
    0.10008985997142199,
    0.10046217136667343,
    0.09999450391722108,
    0.09977872939201778,
    0.09955307442642644,
    0.10002990293956711,
    0.10053806286118551,
    0.0988387024265253,
    0.10070651861463854,
    0.09758493087752787,
    0.09842136361167761,
    0.09840164313051768,
    0.09728045915374775,
    0.09894459127991616,
    0.09795912776985961,
    0.09824072578567303,
    0.09806852789972731,
    0.09884283499034469,
    0.09924768897254983,
    0.09776203226828145,
    0.09810305854869271,
    0.09926966512818375,
    0.09884444751845811,
    0.09915010442206998,
    0.09799607600531501,
    0.09714734198932419,
    0.09985351437825955,
    0.09797117011789569,
    0.09948977477893323,
    0.09793939990904145,
    0.09751140157540958,
    0.09772189737172547,
    0.09805994625679237,
    0.09741555216287325,
    0.09968104011907367,
    0.09843546286494077,
    0.09710518063189749,
    0.09749072096599845,
    0.09851455881086763,
    0.09718785530519868,
    0.09730283777138035,
    0.09787414997129258,
    0.0973871083620316,
    0.09691163292807901,
    0.09534084820048604,
    0.09585192947385307,
    0.0936989989392982,
    0.09524589211853568,
    0.09684872304001647,
    0.0954152750661354,
    0.0967551593506384,
    0.09579119039979392,
    0.0946341430869155,
    0.09452554947866466,
    0.09421815425306858,
    0.09479631209570563,
    0.09585209617872754,
    0.09504000430475017,
    0.09524103560912346,
    0.09408554145861006,
    0.0948655703562295,
    0.09671906935786437,
    0.0959144817228487,
    0.09508659041865555,
    0.09723455172950375,
    0.09599878759924062,
    0.09781525997754806,
    0.09533765554457962,
    0.09377591701631317,
    0.09626102951805075,
    0.09505639130432525,
    0.09602953048650631,
    0.09376505600337036,
    0.0939093242979838,
    0.09380882307289837,
    0.09425777382028844,
    0.09507419733341806
  ],
  "valid_loss": [
    0.1319198852032423,
    0.11711116388440132,
    0.10821652427315712,
    0.10604397501796484,
    0.10491541221737861,
    0.10474641345441342,
    0.10273114215582609,
    0.1014606886729598,
    0.10277430046349764,
    0.10213391970843076,
    0.10528867099434137,
    0.09967315014451743,
    0.09980691026896238,
    0.10236579399555921,
    0.10140681270509959,
    0.10563370272517204,
    0.09767543710768223,
    0.10135660927742719,
    0.10063282124698163,
    0.10504865739494562,
    0.09732009045779705,
    0.09879841417074203,
    0.09978684436529875,
    0.09992958437651396,
    0.09977797396481038,
    0.10133319921791553,
    0.09851994153112173,
    0.10433843832463026,
    0.10067643247544765,
    0.09801594842225313,
    0.10087017882615328,
    0.10106154706329107,
    0.09737185262143612,
    0.09978882450610399,
    0.09886234860867261,
    0.09773985531181097,
    0.09676451798528433,
    0.09968696527183056,
    0.094986488558352,
    0.10128540825098753,
    0.09281407088041306,
    0.09572607088834047,
    0.09613456193357706,
    0.09422098606824875,
    0.09824007067829371,
    0.09633181773126126,
    0.09876784220337868,
    0.09691688679158687,
    0.09681573878973722,
    0.099013184979558,
    0.09499422647058964,
    0.10103050708770751,
    0.09883071653544903,
    0.09587190136313438,
    0.09835442820563912,
    0.10004583336412906,
    0.0969124860689044,
    0.09846070066094398,
    0.10097315795719623,
    0.09832801606506109,
    0.10076615829020738,
    0.09755439631640911,
    0.10053942333906889,
    0.09475614000111818,
    0.09569746650755405,
    0.09946855198591947,
    0.09615797471255064,
    0.10005808189511299,
    0.09835165191441775,
    0.09864663172513247,
    0.09320788275450469,
    0.0936793813854456,
    0.09740441527217626,
    0.09584571599960327,
    0.09289743918925523,
    0.09698490504175425,
    0.09664106033742428,
    0.09319613430649042,
    0.09077747952193022,
    0.09385999139398336,
    0.09151214517652989,
    0.09604163996875287,
    0.09472238261252641,
    0.09545487131923437,
    0.09180552031844855,
    0.09386913187801837,
    0.09600831191986799,
    0.09248805925250053,
    0.09272502180188895,
    0.09836545869708062,
    0.09195498745888471,
    0.09788328275084496,
    0.0921143963187933,
    0.09468675691634416,
    0.09272090822458268,
    0.09375902891159058,
    0.09778940234333276,
    0.0917583953216672,
    0.09653816428035497,
    0.09423846032470465
  ],
  "valid_psnr": [
    14.449495828151703,
    15.055348649024964,
    15.385648591518402,
    15.367569966316223,
    15.464634170532227,
    15.388476223945618,
    15.580632212162017,
    15.544412446022033,
    15.420868728160858,
    15.740009291172028,
    15.384891827106475,
    15.474232461452484,
    15.509686679840089,
    15.429204416275024,
    15.470991902351379,
    15.348294508457183,
    15.653555574417114,
    15.244819688796998,
    15.530837512016296,
    15.21098675251007,
    15.624073832035064,
    15.512385997772217,
    15.424931802749633,
    15.604748907089233,
    15.682585163116455,
    15.34046300649643,
    15.586616051197051,
    15.290948476791382,
    15.391196823120117,
    15.589977569580078,
    15.337567331790924,
    15.33899106502533,
    15.674812703132629,
    15.66115847349167,
    15.537355973720551,
    15.733677191734314,
    15.641496148109436,
    15.633487327098846,
    15.649760010242462,
    15.250175766944885,
    15.966117072105408,
    15.776617884635925,
    15.86552766084671,
    15.818046374320984,
    15.550263545513154,
    15.678836691379548,
    15.46009218454361,
    15.71230942249298,
    15.483290476799011,
    15.580532405376434,
    15.697461204528809,
    15.57068111896515,
    15.393589899539947,
    15.6930797290802,
    15.40320137500763,
    15.283342049121856,
    15.502125153541565,
    15.597328941822052,
    15.35317379951477,
    15.758565132617951,
    15.446995453834534,
    15.536530621051789,
    15.520896966457366,
    15.814724276065826,
    15.601501317024232,
    15.29477169752121,
    15.709652698040008,
    15.302995324134827,
    15.512838385105134,
    15.349356474876403,
    15.847414991855622,
    15.663330090045928,
    15.488066158294679,
    15.570413682460785,
    15.773792028427124,
    15.45287098646164,
    15.530792052745818,
    15.744254052639008,
    15.839792699813843,
    15.797498478889466,
    15.810663604736328,
    15.602299103736877,
    15.714699821472168,
    15.640447840690612,
    15.924354662895203,
    15.816242558956146,
    15.51645042181015,
    15.884110374450684,
    15.7939310836792,
    15.318188881874084,
    15.698403925895692,
    15.2854354929924,
    15.854196197986603,
    15.498186247348785,
    15.798510463237763,
    15.702381610870361,
    15.391848232746124,
    15.872390186786651,
    15.522487554550171,
    15.580101659297943
  ]
}