{
  "noise_type": "gaussian",
  "noise_param": 50.0,
  "train_loss": [
    0.01926617055851966,
    0.012891714720986786,
    0.012878719338681548,
    0.012319074963685126,
    0.012441344457445666,
    0.012156017248984425,
    0.012552258658222853,
    0.012444882371462882,
    0.011998928133631123,
    0.011727000488433987,
    0.011840536559000612,
    0.012115080904215574,
    0.012325795462587847,
    0.012100801818305624,
    0.011949353627394885,
    0.011956379924202338,
    0.011949696119874717,
    0.011910623657517135,
    0.012205530152656139,
    0.011683790313079954,
    0.012010392353404313,
    0.01185834774048999,
    0.011784779428038747,
    0.011923869719961658,
    0.011829751098295673,
    0.011829572062939404,
    0.011770384476054458,
    0.01179756360896863,
    0.011700345395831393,
    0.011945077553624287,
    0.012344144901959224,
    0.012084347978467122,
    0.012277779874857515,
    0.011713812176836655,
    0.011958212252706288,
    0.011840055600041524,
    0.01161584197753109,
    0.012207345014670865,
    0.011962717022979633,
    0.011751888518221676,
    0.0119348199989181,
    0.012078885836759581,
    0.012160315041197464,
    0.01136733695724979,
    0.011833231811760925,
    0.012168151390505953,
    0.011655965882819147,
    0.011895625481614842,
    0.011916806909954175,
    0.011908557573799043,
    0.012207237698603421,
    0.012050981246400626,
    0.011775313462596387,
    0.011878948435885831,
    0.011775433405302465,
    0.019153853682335468,
    0.012175424401182681,
    0.011878471910487862,
    0.011816420874092728,
    0.011899168987758457,
    0.011817898782202975,
    0.011944370152894406,
    0.011863096359651534,
    0.012047675363486632,
    0.011499404735630377,
    0.011790320415981114,
    0.011999369470169769,
    0.012074463200522585,
    0.011943578226026147,
    0.01192220386513509,
    0.011640980829019099,
    0.011574357601581141,
    0.011916118739638477,
    0.011933381382375957,
    0.011916327556362375,
    0.011805283792782575,
    0.011874190231086686,
    0.012103280817391352,
    0.011946452016476542,
    0.011657461339375003,
    0.011761435816762969,
    0.011764809096464887,
    0.0117084020646289,
    0.011965312339365482,
    0.011857906601624562,
    0.011965460227103904,
    0.011686526378616691,
    0.012271070388145745,
    0.011976607814896852,
    0.011651403475087136,
    0.012059954321244733,
    0.011597932738484817,
    0.011941413275664673,
    0.011476703806081786,
    0.011548798457835801,
    0.011633889794582502,
    0.011593511765822769,
    0.011740649428917097,
    0.011939556043827905,
    0.011928899086080491
  ],
  "valid_loss": [
    0.013084846446290613,
    0.012171393821481614,
    0.012359453751705586,
    0.01261048914398998,
    0.01276128473225981,
    0.012581292614340782,
    0.011501100261230022,
    0.013474282771348954,
    0.011621953651774675,
    0.012452956582419574,
    0.012504964554682373,
    0.012519842346664518,
    0.011191681986674666,
    0.01110002098372206,
    0.01152497144183144,
    0.012069730942603201,
    0.011989927229005843,
    0.012496282691136002,
    0.01288623157888651,
    0.011848289163317531,
    0.012934855849016458,
    0.011249680761247874,
    0.012623484549112617,
    0.012165590641088783,
    0.01132323703262955,
    0.012002217874396592,
    0.011720945765264333,
    0.011619892080780118,
    0.012667564167641103,
    0.011654643507208675,
    0.012227575306314974,
    0.011754022171953694,
    0.011488652529660612,
    0.01220442879712209,
    0.012238205395406113,
    0.011969746870454401,
    0.012359506723005325,
    0.011713134858291596,
    0.012704517380334436,
    0.011569837445858867,
    0.012203660479281097,
    0.011352568218135274,
    0.011264783712103963,
    0.012049017636454664,
    0.01253926032455638,
    0.011439572451636196,
    0.011958605232648552,
    0.01196884473087266,
    0.011701079457998276,
    0.012394389284309,
    0.012127743852324784,
    0.012334644254297018,
    0.011824155898066237,
    0.012112019788473845,
    0.011699965880252421,
    0.012504169631283731,
    0.012214831004384905,
    0.012789032028522343,
    0.012334083747118712,
    0.011763055475894362,
    0.012700073078740388,
    0.011986740357242525,
    0.011097760713892058,
    0.012119769263081252,
    0.011574944549938664,
    0.01204720452427864,
    0.012143128907773644,
    0.012108951406553388,
    0.011646286849863827,
    0.01150894784135744,
    0.011405981855932622,
    0.011257852748967708,
    0.011143193168099969,
    0.012710500205866993,
    0.012507995669730008,
    0.012197075714357197,
    0.011569262736011297,
    0.012524244906380773,
    0.012370141427963973,
    0.011616414149757474,
    0.01209037377499044,
    0.01227714094799012,
    0.012441559828585014,
    0.011981983717996627,
    0.012180402221274563,
    0.012135271872393787,
    0.011557617257349193,
    0.01164167984155938,
    0.012811023234389722,
    0.010986668663099408,
    0.011052101678214967,
    0.011791320578195154,
    0.011272285132436081,
    0.011643747495254502,
    0.011286678335163742,
    0.011975065809674562,
    0.012039050670573488,
    0.011473580964375287,
    0.011193786469521001,
    0.011536037435289472
  ],
  "valid_psnr": [
    20.253572459220887,
    20.609628355503084,
    20.749496388435364,
    20.655948345661162,
    20.783651247024537,
    20.970035476684572,
    21.181749880313873,
    20.402559502124788,
    21.335877594947814,
    20.642088994979858,
    20.887653710842134,
    20.739357352256775,
    21.51302229642868,
    21.417660126686098,
    21.37436737537384,
    21.15071652173996,
    21.099937748908996,
    20.655488700866698,
    20.61144344329834,
    21.26240746974945,
    20.47840491056442,
    21.622811441421508,
    20.977856166362763,
    21.012252421379088,
    21.473693203926086,
    21.256132893562317,
    21.069994781017304,
    21.341018722057342,
    20.815148265361785,
    21.287322380542754,
    21.010485892295836,
    21.279534890651703,
    21.299768612384796,
    21.08538135766983,
    21.07440018415451,
    20.887695760726928,
    21.082050280570982,
    21.208126175403596,
    20.698882732391358,
    21.2852641582489,
    21.319713411331175,
    21.38989017724991,
    21.526142027378082,
    21.221075150966644,
    20.752992639541628,
    21.578741302490233,
    21.126097433567047,
    21.14525071620941,
    21.462894160747528,
    20.868810451030733,
    21.079949519634248,
    20.85133668422699,
    21.18923547744751,
    21.09089293718338,
    21.40333832025528,
    20.991681728363037,
    21.054647469520567,
    20.659330410957338,
    20.91957100868225,
    21.22445378780365,
    21.0027694439888,
    21.109866032600404,
    21.56440809726715,
    21.06267919778824,
    21.349468967914582,
    21.189162957668305,
    21.252109789848326,
    21.205408654212953,
    21.322929873466492,
    21.595945835113525,
    21.495316684246063,
    21.332130908966064,
    21.902679014205933,
    20.675624554157256,
    20.979241607189177,
    20.95622946023941,
    21.523076615333558,
    21.01365974187851,
    20.831496980190277,
    21.47555889368057,
    21.173131780624388,
    20.86598264694214,
    20.83151286125183,
    21.07025675535202,
    21.19985652923584,
    21.011999859809876,
    21.412186312675477,
    21.340613086223602,
    20.764872550964355,
    21.67965018749237,
    21.440327126979827,
    21.3615681886673,
    21.48656213760376,
    21.434391894340514,
    21.423963825702668,
    21.276878542900086,
    21.420002624988555,
    21.51044543027878,
    21.505120775699616,
    21.583063728809357
  ]
}