{
  "noise_type": "text",
  "noise_param": 0.5,
  "train_loss": [
    0.10395902544260024,
    0.07117419487982989,
    0.06004943540692329,
    0.051084814295172684,
    0.04828659124672413,
    0.044303533218801025,
    0.04590701239556074,
    0.04153771936148405,
    0.04178224247694016,
    0.040617050677537916,
    0.03771443252637983,
    0.037168742798268796,
    0.0368359863832593,
    0.03642588405683637,
    0.037014100987464195,
    0.035230247355997564,
    0.03514184889569879,
    0.03560852509737015,
    0.0341940673738718,
    0.03389580043032765,
    0.03365497621893883,
    0.03204816356301308,
    0.033385254763066766,
    0.03204356325417757,
    0.031544251952320336,
    0.03169235270097852,
    0.030938449963927268,
    0.030445785090327266,
    0.030487584408372643,
    0.030775878019630908,
    0.03149755514040589,
    0.031316747520118954,
    0.0301850534118712,
    0.029983853776007895,
    0.029302109908312557,
    0.030226280443370345,
    0.029559442069381475,
    0.028025173727422952,
    0.02937213611230254,
    0.02932398827746511,
    0.029382603025063868,
    0.02903329650498927,
    0.028069673657417298,
    0.02923665953241289,
    0.02925522315502167,
    0.02855286325514316,
    0.028565943486988543,
    0.028656335920095442,
    0.02800853484496474,
    0.02784626441448927,
    0.027877095770090822,
    0.027860267039388414,
    0.027974372979253537,
    0.027316873729228974,
    0.027025206739082937,
    0.028790635205805305,
    0.02739675948023796,
    0.02688974394276738,
    0.02635574271902442,
    0.02621182446926832,
    0.02730372553318739,
    0.026876126624643802,
    0.02746197735518217,
    0.02830911658704281,
    0.028415213186293843,
    0.026728537935763595,
    0.02635177931562066,
    0.027005771223455665,
    0.02589696709439158,
    0.02695657590404153,
    0.026573760900646448,
    0.025991223033517596,
    0.02576073879376054,
    0.025902361229062077,
    0.0268801693841815,
    0.026243847258389,
    0.02607589873671532,
    0.026388227470219135,
    0.02628943022340536,
    0.026242650179192424,
    0.026355457469820976,
    0.026239494331181046,
    0.026033512856811287,
    0.026322753589600324,
    0.02574352587200701,
    0.025789561126381155,
    0.025290714053437115,
    0.024975133404135708,
    0.025258370164781812,
    0.02521633219346404,
    0.025158696427941322,
    0.02552068489417434,
    0.02414439672417939,
    0.024205240864306688,
    0.026362839341163635,
    0.02568365129083395,
    0.02503039593249559,
    0.02483970162458718,
    0.024368767257779835,
    0.024524393931031226
  ],
  "valid_loss": [
    0.07939595229923725,
    0.07227481067180634,
    0.06045868676155806,
    0.04963285259902477,
    0.05274021863937378,
    0.049774414524436,
    0.042159911878407,
    0.04105548109859228,
    0.03842319713905454,
    0.04058819185942411,
    0.03870561119168997,
    0.03492429424077272,
    0.03695713296532631,
    0.03491209521889686,
    0.03766541797667742,
    0.037428620867431164,
    0.032019870560616254,
    0.03399961993098259,
    0.03236506666988134,
    0.03364573381841183,
    0.03421795630827546,
    0.030809612218290566,
    0.03214493364095688,
    0.028836452905088662,
    0.03151739813387394,
    0.02875951413065195,
    0.030805563628673552,
    0.03079689497128129,
    0.029682793244719504,
    0.029135962910950185,
    0.029581072106957436,
    0.028232265263795853,
    0.027107987869530916,
    0.030545048639178275,
    0.02709769207984209,
    0.032529203686863184,
    0.03032720062881708,
    0.028799987062811852,
    0.026631024070084094,
    0.026957421824336053,
    0.031635061092674735,
    0.029914318062365056,
    0.02753854863345623,
    0.025759616214782,
    0.026434083431959153,
    0.030121788810938598,
    0.025901852082461117,
    0.027832921482622622,
    0.025390835907310248,
    0.025655567850917577,
    0.028455130755901337,
    0.026821886636316777,
    0.030213790610432625,
    0.025748574323952198,
    0.029794209860265253,
    0.029124844744801523,
    0.027292915042489766,
    0.02494602032005787,
    0.026906733773648737,
    0.02597330655902624,
    0.023485648166388273,
    0.026205886248499156,
    0.024559000916779043,
    0.02659374153241515,
    0.028524786122143268,
    0.02760321069508791,
    0.026661014631390572,
    0.02653413588181138,
    0.02412172120064497,
    0.026187799219042063,
    0.02638935443945229,
    0.02587451310828328,
    0.028106734398752452,
    0.027658234369009733,
    0.025488864276558162,
    0.02421019144356251,
    0.028040789365768433,
    0.03022750621661544,
    0.02451112911105156,
    0.02476051103323698,
    0.02583583950996399,
    0.02621115829795599,
    0.02632939713075757,
    0.024490740541368725,
    0.02451411500573158,
    0.023808900900185108,
    0.02261498237028718,
    0.027196038272231816,
    0.023778392709791662,
    0.02457457972690463,
    0.026882078796625138,
    0.024975675512105226,
    0.02403454763814807,
    0.02632637394592166,
    0.029880427215248348,
    0.022676944863051177,
    0.023705937191843985,
    0.0255111481808126,
    0.022893507555127143,
    0.0228323208168149
  ],
  "valid_psnr": [
    19.64755618572235,
    20.37224304676056,
    21.74985510826111,
    23.314122371673584,
    22.834195437431337,
    22.872340869903564,
    24.335174136161804,
    24.37128313064575,
    24.714735436439515,
    24.54994679450989,
    25.049675631523133,
    25.57809944629669,
    25.301018834114075,
    25.551263666152956,
    25.394281783103942,
    25.173034811019896,
    25.99396683692932,
    25.96396963119507,
    26.012282218933105,
    25.7774658203125,
    25.877783832550048,
    26.236100492477416,
    25.974887857437135,
    26.922209997177124,
    26.65674784183502,
    26.83533899307251,
    26.109561066627503,
    26.544794855117797,
    26.936178255081177,
    26.898881320953368,
    27.028708353042603,
    27.19146779060364,
    27.48203026294708,
    26.822242507934572,
    27.391742238998415,
    25.89819829940796,
    26.53545072555542,
    26.700897035598754,
    27.812978897094727,
    27.442356309890748,
    26.209382548332215,
    26.742450141906737,
    27.433757343292235,
    27.482103958129883,
    27.695983791351317,
    26.461782336235046,
    27.2156231880188,
    27.151382303237916,
    27.989151973724365,
    27.40838342666626,
    27.28387818336487,
    27.22203412055969,
    26.703935432434083,
    27.672393531799315,
    26.95086262702942,
    27.055956234931944,
    27.223736543655395,
    27.718265857696533,
    27.36547698020935,
    27.67732576370239,
    28.058780307769776,
    27.738910646438597,
    28.23437087059021,
    27.558704738616942,
    26.931460056304932,
    27.38917139530182,
    27.66217130661011,
    27.61467408657074,
    28.19441068649292,
    27.645039005279543,
    27.663793716430664,
    27.816705327033997,
    27.28853530883789,
    27.385685358047485,
    27.58562894821167,
    27.915787401199342,
    27.082313890457154,
    26.69088245391846,
    28.135751123428346,
    27.813566541671754,
    27.61570592880249,
    27.85668664932251,
    27.60010340690613,
    28.1142995929718,
    28.262765884399414,
    28.448900423049928,
    28.70353754043579,
    27.12513617515564,
    28.304830169677736,
    27.9094513130188,
    27.287780303955078,
    28.195156831741333,
    28.159520893096925,
    27.701773138046264,
    27.164463024139405,
    28.39383409500122,
    28.091125984191894,
    27.895459718704224,
    28.745206079483033,
    28.651548557281494
  ]
}