{
  "noise_type": "gaussian",
  "noise_param": 50.0,
  "train_loss": [
    0.014133452474605294,
    0.002448370516183786,
    0.0019876183291780763,
    0.0018279670938500202,
    0.0017174552318756468,
    0.0016173759843222796,
    0.0015373589108348823,
    0.0014857983163092284,
    0.001519076575059444,
    0.0014396616229205394,
    0.0014374064677977003,
    0.0014109808000503108,
    0.0013640111114946191,
    0.0013819030946469865,
    0.0013416702413815071,
    0.001413391152047552,
    0.0013649580999626778,
    0.0013519688821979799,
    0.0013014508531778118,
    0.001319264317775378,
    0.0013073109670949633,
    0.0013014289977727458,
    0.0013051148123631722,
    0.0013076708064763808,
    0.0012922375582274982,
    0.001250182972406037,
    0.0012922398907539898,
    0.001269053057068959,
    0.0012245859762188046,
    0.0012248068412300198,
    0.001225062502489891,
    0.001250333922333084,
    0.0012296431599243076,
    0.0012347499907482417,
    0.0012241786087397485,
    0.0012465293779969214,
    0.0011950616159883793,
    0.001233600291365292,
    0.0012604778274544514,
    0.001248191438644426,
    0.001246591192932101,
    0.0012017852192802822,
    0.0012391160549013874,
    0.0011783974363352172,
    0.0012398080075799952,
    0.0011954591282701584,
    0.0012116875340580009,
    0.001184446504485095,
    0.001241870520170778,
    0.0011606195467029465,
    0.00116649686958408,
    0.0011516124285990373,
    0.0011683245989261195,
    0.0011633416886324994,
    0.0011776173900871073,
    0.0011604133861255832,
    0.001202522948209662,
    0.0011962288565700873,
    0.0011935707200318576,
    0.0011778320825251286,
    0.0012360490838182157,
    0.001152141723636305,
    0.0012216357478755525,
    0.0011848468050302471,
    0.0011588706939073745,
    0.0011892330650880468,
    0.001183302592515247,
    0.001168001990619814,
    0.0011460774740262422,
    0.0011533405923109968,
    0.0011560869939276019,
    0.0011384733657178003,
    0.0011517265425645747,
    0.0011709451438509859,
    0.0011703092276293316,
    0.001160734179225983,
    0.0011739791690488345,
    0.0011458787751325872,
    0.0011799780059955083,
    0.0011752886588510592,
    0.0011323321505042258,
    0.0011504455893882547,
    0.001154616365383845,
    0.0011728473480325193,
    0.001135111383831827,
    0.001154708054236835,
    0.0011763513666810468,
    0.0010953337872342671,
    0.001132585552986711,
    0.0010787832169153262,
    0.0010964391147281274,
    0.0010601589643920307,
    0.0010954609224863815,
    0.0010671492463297909,
    0.0010816841363266577,
    0.0010323557994852306,
    0.0010976764457300305,
    0.0010943698355258674,
    0.0010909576943377033,
    0.0010807768519152886
  ],
  "valid_loss": [
    0.0026547844393644483,
    0.0019554285472258926,
    0.0019201922038337216,
    0.0016313230314699467,
    0.0015035935689229518,
    0.0018094277181080543,
    0.0018998681276571005,
    0.0015262863234966062,
    0.0014052409131545573,
    0.0016614184668287636,
    0.0013017318188212812,
    0.0012517567415488884,
    0.001297285319014918,
    0.0012889127821836155,
    0.0013211464168853126,
    0.0012325162661727517,
    0.0012586391280638054,
    0.001218211263185367,
    0.0013574496025103144,
    0.001304163375752978,
    0.0013130815772456118,
    0.0012201753130648286,
    0.0013230007540551015,
    0.0012401816886267625,
    0.0013706086878664792,
    0.0014318147517042234,
    0.0013362360460450872,
    0.001191013635834679,
    0.0012162716229795478,
    0.0012040500645525754,
    0.0013198571722023188,
    0.001176138195223757,
    0.0012345096695935353,
    0.0011826453090179711,
    0.001223035637231078,
    0.0012812502513406799,
    0.001147492102754768,
    0.0011714655565447174,
    0.0013043252003262752,
    0.0012699314815108665,
    0.0012690144011867233,
    0.0013426319057180081,
    0.0011639845833997242,
    0.0011793392219988164,
    0.001268115480488632,
    0.0012364779372001067,
    0.0011171496368478984,
    0.0011695475416490808,
    0.0010631156315503176,
    0.001098024574748706,
    0.001293133068829775,
    0.0012100042946985923,
    0.0011292826334829442,
    0.0011402414439362473,
    0.001244347363099223,
    0.0012215962668415158,
    0.0011257615813519805,
    0.0012900891999015585,
    0.0011230057897046208,
    0.0012301709060557186,
    0.0010435858776327222,
    0.001190949380688835,
    0.0011153007434040773,
    0.0011792294395854698,
    0.001087005112785846,
    0.0012085394191672094,
    0.0012240304425358772,
    0.0011153843892680016,
    0.001063855186366709,
    0.0011358222404669505,
    0.0012030146532924846,
    0.0011584753246279434,
    0.0011839401147153694,
    0.0010507451722514816,
    0.0011085040142643264,
    0.001163005157141015,
    0.0012374388470198028,
    0.001073720565182157,
    0.0011401542229577898,
    0.00119936543807853,
    0.0012505056825466454,
    0.0011449640322825872,
    0.001152381631109165,
    0.0010652966907946392,
    0.001150647099420894,
    0.0012255070827086455,
    0.0011800616113760043,
    0.0010464684471662622,
    0.0010632231933414005,
    0.0010630060407856945,
    0.0011495748863671906,
    0.0010507949441671371,
    0.0010536484405747615,
    0.001069793573988136,
    0.0011367491423152386,
    0.001058858567266725,
    0.0009855808586871717,
    0.000976865247648675,
    0.0010700068731966895,
    0.0010501033515902237
  ],
  "valid_psnr": [
    26.758596386909485,
    28.202260541915894,
    28.061981410980223,
    29.355870990753175,
    29.652289729118348,
    28.751493735313417,
    28.028946709632873,
    29.673044142723082,
    30.088336095809936,
    28.81523464202881,
    30.483713250160218,
    30.73218942642212,
    30.741276087760927,
    30.747716789245604,
    30.494557838439942,
    31.010237979888917,
    30.90961634159088,
    30.986836748123167,
    30.274148359298707,
    30.655800800323487,
    30.735176391601563,
    30.957677278518677,
    29.989800748825072,
    30.788130316734314,
    30.188144693374635,
    29.729444527626036,
    30.26132501125336,
    31.18216152191162,
    30.64140033721924,
    30.933518109321593,
    30.752818288803102,
    31.161115140914916,
    30.67224723815918,
    31.44783974647522,
    30.785478477478026,
    30.44273871898651,
    31.426515078544618,
    31.215283184051515,
    30.641333289146424,
    30.780834674835205,
    30.42265902519226,
    30.06748091697693,
    31.238468890190124,
    31.377308006286622,
    30.38676615715027,
    30.81430594444275,
    31.45950170516968,
    31.16352579116821,
    31.623037791252138,
    31.58600891113281,
    30.56442172050476,
    30.737397804260254,
    31.415429253578186,
    31.335734558105468,
    30.909333772659302,
    30.823632197380064,
    31.345818452835083,
    30.808806500434876,
    31.40200279712677,
    30.664106564521788,
    31.77806830883026,
    31.09623929977417,
    31.366567921638488,
    30.961184425354006,
    31.75964437484741,
    30.787253222465516,
    31.059265065193177,
    31.625127024650574,
    31.454472217559815,
    31.45344394683838,
    31.043415598869323,
    31.28317642211914,
    31.172407116889953,
    31.786186480522154,
    31.647399201393128,
    31.276764349937437,
    30.790029048919678,
    31.460099353790284,
    31.210017986297608,
    30.781745657920837,
    30.68997672557831,
    31.192358241081237,
    31.184185967445373,
    31.86005543231964,
    31.449280543327333,
    30.599861702919007,
    31.27268651485443,
    31.84689133644104,
    31.878734488487243,
    32.12951617717743,
    31.75713583946228,
    32.05970367908478,
    32.29232510566712,
    31.575036177635194,
    31.07957679271698,
    31.715084547996522,
    32.11395363330841,
    31.989768924713136,
    31.95538369655609,
    31.855832471847535
  ]
}